cropName,expectedCategory,symptoms,predictedDisease,scriptPredictedCategory,scriptMatch,manualReview,reviewNote
Cotton,fungal,"Angular black spots | Grey fungal growth | Root rot | Small brown spots","Black spot disease",fungal,YES,CORRECT,"Clean match, no issue."
Cotton,bacterial,"Plant wilting | Stem canker | Water-soaked lesions","Fusarium wilt",bacterial,YES,CORRECT,"Clean match, no issue."
Cotton,viral,"Leaf curling downward | Leaf curling upward | Mosaic patches","cotton leaf curl disease",viral,YES,CORRECT,"Clean match, no issue."
Cotton,nutrient,"Flower shedding | Leaf yellowing | Stem cracking | Stunted growth","Potash shortage",nutrient,YES,CORRECT,"Clean match, no issue."
Groundnut,fungal,"Circular brown leaf spots | Dark leaf lesions | Rust-colored pustules | Yellow halo around spots","Leaf spot disease",fungal,YES,CORRECT,"Clean match, no issue."
Groundnut,bacterial,"Wilted seedlings | Wilting branches","Soil wilt disease",bacterial,YES,CORRECT,"Clean match, no issue."
Groundnut,viral,"Leaf curling | Mosaic symptoms","Groundnut leaf curl disease",viral,YES,CORRECT,"Clean match, no issue."
Groundnut,nutrient,"Chlorosis | Yellow leaves","Nitrogen shortage",nutrient,YES,CORRECT,"Clean match, no issue."
Wheat,fungal,"Leaf blight | Orange rust pustules | Root rot | White powdery coating","wheat rust",fungal,YES,CORRECT,"Clean match, no issue."
Wheat,nutrient,"Burned leaf margins | Chlorosis | Stunted growth | Yellow stripes on leaves","yellow stripe rust",fungal,NO,AMBIGUOUS,"'Yellow stripe rust' is a REAL fungal wheat disease whose symptoms genuinely overlap with nitrogen/sulfur deficiency. This is a legitimately hard case even for a human expert -- not a clear AI error."
Rice (Paddy),fungal,"Grey center lesions | Neck rot | Sheath rot | Spindle-shaped brown spots","Sheath rot",fungal,YES,CORRECT,"Clean match, no issue."
Rice (Paddy),viral,"Leaf curling | Water-soaked streaks | White leaf streaks","White leaf streak disease",viral,YES,CORRECT,"Clean match, no issue."
Rice (Paddy),nutrient,"Stunted plants | Yellow leaf edges | Yellow seedlings","Nitrogen shortage",nutrient,YES,CORRECT,"Clean match, no issue."
Bajra,fungal,"Black powdery spores | Root decay | Smut balls | Stem rot","Bajra smut (ball disease)",fungal,YES,CORRECT,"Clean match, no issue."
Jowar,fungal,"Charcoal stem rot | Leaf blight | Moldy grains | Red leaf spots","charcoal rot",fungal,YES,CORRECT,"Clean match, no issue."
Maize,fungal,"Ear rot | Long brown lesions | Rust pustules | Stem rot","Ear rot",fungal,YES,CORRECT,"Clean match, no issue."
Maize,bacterial,"Water-soaked spots | Wilting","bacterial wilt",bacterial,YES,CORRECT,"Clean match, no issue."
Maize,viral,"Mosaic pattern | Yellow streaks","Mosaic virus",viral,YES,CORRECT,"Clean match, no issue."
Maize,nutrient,"Chlorosis | Stunted growth","Nitrogen lack",nutrient,YES,CORRECT,"Clean match, no issue."
Barley,fungal,"Brown lesions | Leaf rust | Powdery mildew | Root rot","Leaf rust",fungal,YES,CORRECT,"Clean match, no issue."
Sugarcane,fungal,"Internal tissue decay | Root rot | Rotting buds | Smut whip formation","Smut (whip disease)",fungal,YES,CORRECT,"Clean match, no issue."
Sugarcane,nutrient,"Pale yellow leaves | Stem cracking | Yellowing leaves","Nitrogen deficiency",nutrient,YES,CORRECT,"Clean match, no issue."
Castor,fungal,"Capsule rot | Grey leaf spots | Root rot | White powder coating","Root rot disease",fungal,YES,CORRECT,"Clean match, no issue."
Castor,bacterial,"Stem canker | Wilting","Stem canker",bacterial,YES,CORRECT,"Clean match, no issue."
Castor,nutrient,"Chlorosis | Yellow leaves","Nitrogen shortage",nutrient,YES,CORRECT,"Clean match, no issue."
Sesame (Til),fungal,"Leaf spots | Root rot | Stem lesions | Stem rot","Stem rot disease",fungal,YES,CORRECT,"Clean match, no issue."
Sesame (Til),viral,"Leaf curling | Yellow mosaic","Leaf curl disease",pest,NO,RECLASSIFY-CORRECT,"AI answer 'Leaf curl disease' is unambiguously viral. Script wrongly tagged it 'pest' because the fuller AI explanation text likely mentioned an insect vector (whitefly), tripping the pest-keyword check before the viral check. AI was right; script logic was the problem."
Sesame (Til),nutrient,"Chlorosis | Stunted growth","Fusarium wilt",bacterial,NO,AMBIGUOUS,"Chlorosis + stunting alone is genuinely ambiguous between early-stage wilt disease and nutrient deficiency -- both are real, defensible interpretations of this minimal symptom set."
Mustard,fungal,"Black leaf spots | Powdery coating | Stem rot | White rust pustules","White rust",fungal,YES,CORRECT,"Clean match, no issue."
Mustard,nutrient,"Stunted growth | Yellow leaves","Nitrogen deficiency",nutrient,YES,CORRECT,"Clean match, no issue."
Pulses,fungal,"Leaf spots | Powdery mildew | Root rot | Stem lesions","Leaf spot disease",fungal,YES,CORRECT,"Clean match, no issue."
Gram,fungal,"Ascochyta blight | Brown lesions | Collar rot | Dry root rot","leaf spot disease",bacterial,NO,RECLASSIFY-CORRECT,"AI answer 'leaf spot disease' is unambiguously fungal (rot/spot keywords). Script's category-check ORDER bug: bacterial keywords in the fuller explanation text were checked before fungal keywords and won the match first. AI was right; script logic was the problem."
Gram,bacterial,"Fusarium wilt | Wilting","Fusarium wilt",bacterial,YES,CORRECT,"Clean match, no issue."
Gram,nutrient,"Chlorosis | Stem cracking | Yellow leaves","stem rot disease",fungal,NO,GENUINE MISS,"Symptom set (chlorosis, stem cracking, yellow leaves) is textbook nutrient deficiency. AI diagnosing a rot disease instead looks like a genuine reasoning gap, not a scoring artifact."
Pigeon Pea,fungal,"Necrotic patches | Root rot | Stem lesions","Root rot disease",fungal,YES,CORRECT,"Clean match, no issue."
Pigeon Pea,viral,"Leaf curling | Sterility mosaic","Mosaic virus",viral,YES,CORRECT,"Clean match, no issue."
Pigeon Pea,nutrient,"Chlorosis | Stunted growth | Yellow leaves","soil iron shortage",nutrient,YES,CORRECT,"Clean match, no issue."
Green Gram,fungal,"Cercospora spots | Powdery coating | Root rot | Stem lesions","leaf spot disease",fungal,YES,CORRECT,"Clean match, no issue."
Green Gram,viral,"Leaf curling | Yellow mosaic","Yellow mosaic disease",viral,YES,CORRECT,"Clean match, no issue."
Green Gram,nutrient,"Chlorosis | Stunted growth","Nitrogen deficiency",nutrient,YES,CORRECT,"Clean match, no issue."
Black Gram,fungal,"Leaf spots | Powdery growth | Root rot | Stem lesions","powdery mildew",fungal,YES,CORRECT,"Clean match, no issue."
Cowpea,fungal,"Brown spots | Pod rot | Powdery mildew | Root rot","Powdery mildew",fungal,YES,CORRECT,"Clean match, no issue."
Cowpea,viral,"Leaf curling | Mosaic disease","Cowpea mosaic disease",viral,YES,CORRECT,"Clean match, no issue."
Cowpea,nutrient,"Stunted growth | Yellow leaves","Yellow leaf and stunting disease",nutrient,YES,CORRECT,"Clean match, no issue."
Cluster Bean,fungal,"Leaf spots | Powdery mildew | Root rot | Stem lesions","Root Rot Disease",bacterial,NO,RECLASSIFY-CORRECT,"AI answer 'Root Rot Disease' is unambiguously fungal. Same script check-order bug as the Gram case above. AI was right; script logic was the problem."
Cluster Bean,bacterial,"Bacterial blight | Wilt","bacterial blight",bacterial,YES,CORRECT,"Clean match, no issue."
Cluster Bean,nutrient,"Stunted growth | Yellow leaves","Nitrogen shortage",nutrient,YES,CORRECT,"Clean match, no issue."
Moth Bean,fungal,"Leaf spots | Necrotic lesions | Powdery mildew | Root rot","Leaf spot disease",fungal,YES,CORRECT,"Clean match, no issue."
Moth Bean,nutrient,"Chlorosis | Stunted growth","soil nitrogen shortage",nutrient,YES,CORRECT,"Clean match, no issue."
Soybean,fungal,"Brown leaf spots | Root rot | Rust pustules | Stem blight","Root rot disease",fungal,YES,CORRECT,"Clean match, no issue."
Soybean,viral,"Leaf curling | Yellow mosaic","Mosaic disease",viral,YES,CORRECT,"Clean match, no issue."
Fennel,fungal,"Leaf blight | Powdery coating | Root decay | Stem rot","Powdery mildew",fungal,YES,CORRECT,"Clean match, no issue."
Fennel,nutrient,"Chlorosis | Stunted growth | Yellow umbels","Nitrogen deficiency",nutrient,YES,CORRECT,"Clean match, no issue."
Cumin,fungal,"Blight lesions | Powdery mildew | Root rot | Stem lesions","cumin leaf blight",fungal,YES,CORRECT,"Clean match, no issue."
Cumin,nutrient,"Chlorosis | Yellowing plants","Iron deficiency",nutrient,YES,CORRECT,"Clean match, no issue."
Coriander,fungal,"Leaf blight | Leaf spots | Powdery mildew | Root rot","leaf blight disease",fungal,YES,CORRECT,"Clean match, no issue."
Coriander,nutrient,"Chlorosis | Stunted growth | Yellow leaves","Nitrogen deficiency",nutrient,YES,CORRECT,"Clean match, no issue."
Fenugreek,fungal,"Downy mildew | Powdery mildew | Root rot | Stem lesions","Leaf mildewy disease",fungal,YES,CORRECT,"Clean match, no issue."
Fenugreek,nutrient,"Chlorosis | Stunted growth | Yellow leaves","soil nitrogen shortage",nutrient,YES,CORRECT,"Clean match, no issue."
Ajwain,fungal,"Leaf blight | Powdery mildew | Root rot | Stem lesions","white powder disease",unknown,NO,RECLASSIFY-CORRECT,"AI answer 'white powder disease' clearly refers to powdery mildew (white powder growth) -- unambiguously fungal. Script's regex looked for 'powdery' but missed the word 'powder'. AI was right; script regex was the problem."
Ajwain,nutrient,"Chlorosis | Stunted growth | Yellow leaves","Nitrogen shortage",nutrient,YES,CORRECT,"Clean match, no issue."
Chilli,fungal,"Anthracnose lesions | Fruit rot | Powdery mildew | Root rot","chilli anthracnose",fungal,YES,CORRECT,"Clean match, no issue."
Chilli,viral,"Leaf curl | Mosaic symptoms","Chilli leaf curl disease",viral,YES,CORRECT,"Clean match, no issue."
Chilli,nutrient,"Chlorosis | Yellow leaves","Nitrogen shortage",nutrient,YES,CORRECT,"Clean match, no issue."
Garlic,fungal,"Basal rot | Bulb decay | Purple spots | Rust pustules","Basal rot disease",fungal,YES,CORRECT,"Clean match, no issue."
Garlic,nutrient,"Chlorosis | Yellow leaves","Nitrogen deficiency",nutrient,YES,CORRECT,"Clean match, no issue."
Onion,fungal,"Bulb rot | Downy mildew | Neck rot | Root decay","Bulb rot disease",fungal,YES,CORRECT,"Clean match, no issue."
Onion,bacterial,"Water-soaked lesions | Wilting","onion soft rot",fungal,NO,RECLASSIFY-CORRECT,"Onion SOFT ROT is a textbook BACTERIAL disease (Erwinia/Pectobacterium) despite the word 'rot'. Script's regex treats all 'rot' as fungal, which is a real-world oversimplification -- bacterial soft rots exist. AI's science was correct; the script's assumption was too simple."
Onion,nutrient,"Chlorosis | Purple blotches | Yellow leaves","Purple blotch disease",fungal,NO,RECLASSIFY-CORRECT,"'Purple blotch' (Alternaria porri) is a REAL, well-documented fungal disease of onion. My auto-generated 'expected: nutrient' label for this symptom combo was wrong, not the AI's answer."
Isabgol,fungal,"Downy mildew | Leaf blight | Root rot | Stem lesions","downy mildew",bacterial,NO,RECLASSIFY-CORRECT,"AI answered 'downy mildew' verbatim -- a classic fungal/oomycete disease. Same script check-order bug as Gram/Cluster Bean above. AI was right; script logic was the problem."
Isabgol,nutrient,"Chlorosis | Stunted growth | Yellow leaves","Nitrogen shortage",nutrient,YES,CORRECT,"Clean match, no issue."
Sunflower,fungal,"Downy mildew | Rust pustules | Stem rot | Yellow leaf spots","Downy mildew (white leaf fuzz)",fungal,YES,CORRECT,"Clean match, no issue."
Sunflower,nutrient,"Chlorosis | Stunted growth","Nitrogen shortage",nutrient,YES,CORRECT,"Clean match, no issue."
Mango,fungal,"Anthracnose black spots | Dieback branches | Powdery mildew | Sooty mold","black spot disease",fungal,YES,CORRECT,"Clean match, no issue."
Mango,bacterial,"Stem canker | Wilt","Mango Stem Canker",bacterial,YES,CORRECT,"Clean match, no issue."
Mango,nutrient,"Bark cracking | Yellow leaves","Mango bark disease",nutrient,YES,CORRECT,"Clean match, no issue."
Banana,fungal,"Fruit rot | Leaf tearing | Rhizome rot | Root decay","Soft rot disease",fungal,YES,CORRECT,"Clean match, no issue."
Banana,bacterial,"Panama wilt | Water-soaked lesions","Panama wilt (Fusarium wilt)",bacterial,YES,CORRECT,"Clean match, no issue."
Banana,viral,"Black leaf streaks | Leaf curling | Sigatoka streaks","Black leaf spot disease",viral,YES,CORRECT,"Clean match, no issue."
Banana,nutrient,"Chlorosis | Pseudostem splitting | Stunted growth | Yellow leaves","Banana Bunchy Top",nutrient,YES,CORRECT,"Clean match, no issue."
Papaya,fungal,"Fruit spots | Powdery mildew | Ring spot patterns | Stem rot","Papaya ringspot disease",fungal,YES,CORRECT,"Clean match, no issue."
Papaya,bacterial,"Water-soaked lesions | Wilt","soil rot disease",bacterial,YES,CORRECT,"Clean match, no issue."
Papaya,viral,"Curling petioles | Leaf curl | Leaf distortion | Mosaic leaves","Papaya leaf curl disease",viral,YES,CORRECT,"Clean match, no issue."
Papaya,nutrient,"Chlorosis | Stunted plants | Yellow leaves","Nitrogen shortage",nutrient,YES,CORRECT,"Clean match, no issue."
Pomegranate,fungal,"Black leaf spots | Fruit rot | Fruit spots | Stem lesions","Black spot disease",fungal,YES,CORRECT,"Clean match, no issue."
Pomegranate,bacterial,"Bacterial blight | Water-soaked lesions | Wilt","Pomegranate bacterial blight",bacterial,YES,CORRECT,"Clean match, no issue."
Pomegranate,nutrient,"Bark cracking | Chlorosis | Fruit cracking | Leaf yellowing","Iron deficiency",nutrient,YES,CORRECT,"Clean match, no issue."
Guava,fungal,"Anthracnose spots | Fruit rot | Leaf spots | Root rot","Black spot and fruit rot",fungal,YES,CORRECT,"Clean match, no issue."
Guava,bacterial,"Fruit canker | Stem canker | Wilt","Guava Canker and Bark Disease",bacterial,YES,CORRECT,"Clean match, no issue."
Guava,nutrient,"Bark cracking | Chlorosis | Yellow leaves","Guava Wilt (Tree Drying Sickness)",pest,NO,GENUINE MISS,"Symptom set points clearly to nutrient deficiency; AI diagnosed a wilt disease instead. Also mis-tagged 'pest' by script. Counting this as a genuine model miss."
Sapota (Chikoo),fungal,"Fruit rot | Leaf spots | Sooty mold | Stem lesions","Black Mold and Fruit Rot",pest,NO,RECLASSIFY-CORRECT,"AI answer 'Black Mold and Fruit Rot' is unambiguously fungal. Script mis-tagged 'pest', almost certainly because the AI's fuller explanation mentioned the insects (aphids/mealybugs) that produce the honeydew sooty mold grows on. AI was right; script logic was the problem."
Sapota (Chikoo),nutrient,"Bark cracking | Chlorosis | Fruit cracking | Yellow leaves","Boron Deficiency and Bark Cracking",nutrient,YES,CORRECT,"Clean match, no issue."
Citrus Fruits,fungal,"Fruit spots | Premature fruit coloring | Root rot | Twig dieback","Citrus Greening and Root Decay",pest,NO,AMBIGUOUS,"Citrus Greening (HLB) is actually a BACTERIAL disease spread by psyllid insects, not fungal -- so my 'expected: fungal' label itself was an oversimplification. AI's answer reflects real, sophisticated plant-pathology knowledge, just not the category I assumed."
Citrus Fruits,bacterial,"Citrus canker | Water-soaked lesions","Citrus Canker (Brown Spot Disease)",bacterial,YES,CORRECT,"Clean match, no issue."
Citrus Fruits,nutrient,"Bark cracking | Chlorosis | Vein yellowing | Yellow shoots","Citrus Greening (Yellow Shoot Disease)",pest,NO,AMBIGUOUS,"This exact symptom combo (vein yellowing, yellow shoots, chlorosis) is the textbook presentation of Citrus Greening/HLB, which is FAMOUSLY misdiagnosed as nutrient deficiency in real orchards because the symptoms look identical. The AI naming HLB here is a genuinely sophisticated, defensible answer -- arguably better than plain 'nutrient deficiency'."
Lemon,fungal,"Fruit spots | Necrotic lesions | Root rot","Unknown Issue",unknown,NO,GENUINE MISS (technical),"AI returned its generic low-confidence fallback ('Unknown Issue') rather than a diagnosis -- likely due to the Gemini 'fetch failed' error visible in the terminal log for this run, not a reasoning failure."
Lemon,bacterial,"Citrus canker | Water-soaked lesions","Lemon canker",bacterial,YES,CORRECT,"Clean match, no issue."
Lemon,nutrient,"Bark cracking | Chlorosis | Yellow leaves","Lemon Bark Rot Disease",fungal,NO,AMBIGUOUS,"Bark cracking is a recognized symptom of BOTH boron/calcium deficiency and fungal bark diseases (e.g. Phytophthora gummosis) -- a genuinely ambiguous symptom set even for a real plant pathologist."
Sweet Lime,fungal,"Bark lesions | Fruit spots | Root rot | Twig dieback","Bark Rot and Gum Disease (Phytophthora Gummosis)",fungal,YES,CORRECT,"Clean match, no issue."
Sweet Lime,nutrient,"Leaf yellowing | Chlorosis | Stem cracking","Bark Splitting and Leaf Yellowing Disease",nutrient,YES,CORRECT,"Clean match, no issue."